2021-09-02T19:59:52.076+09:00,qud65,IdeState,Inactive,,,,,-1,-1,
2021-09-02T19:59:53.084+09:00,qud65,IdeState,Inactive,,,,,-1,-1,
2021-09-02T19:59:54.091+09:00,qud65,IdeState,Inactive,,,,,-1,-1,
2021-09-02T19:59:55.100+09:00,qud65,IdeState,Inactive,,,,,-1,-1,
2021-09-02T19:59:56.106+09:00,qud65,IdeState,Inactive,,,,,-1,-1,
2021-09-02T19:59:57.128+09:00,qud65,IdeState,Inactive,,,,,-1,-1,
2021-09-02T19:59:58.153+09:00,qud65,IdeState,Inactive,,,,,-1,-1,
2021-09-02T19:59:59.257+09:00,qud65,IdeState,Inactive,,,,,-1,-1,
2021-09-02T20:00:00.263+09:00,qud65,IdeState,Inactive,,,,,-1,-1,
2021-09-02T20:00:01.266+09:00,qud65,IdeState,Inactive,,,,,-1,-1,
